{"cameraMode":{"drawMode":0,"name":"Shaded","section":"Shading Mode"},"sceneLighting":true,"audioPlay":false,"sceneViewState":{"m_AlwaysRefresh":false,"showFog":true,"showSkybox":true,"showFlares":true,"showImageEffects":false,"showParticleSystems":true,"showVisualEffectGraphs":true,"m_FxEnabled":true},"in2DMode":false,"pivot":{"x":-0.28698113560676577,"y":-36.34514617919922,"z":25.605613708496095},"rotation":{"x":-0.48438021540641787,"y":-0.019755396991968156,"z":0.010101549327373505,"w":-0.8748335838317871},"size":24.692203521728517,"orthographic":false}