{"cameraMode":{"drawMode":0,"name":"Shaded","section":"Shading Mode"},"sceneLighting":false,"audioPlay":false,"sceneViewState":{"m_AlwaysRefresh":false,"showFog":true,"showSkybox":false,"showFlares":true,"showImageEffects":false,"showParticleSystems":true,"showVisualEffectGraphs":true,"m_FxEnabled":true},"in2DMode":false,"pivot":{"x":-0.29947903752326968,"y":-0.32068488001823428,"z":-3.5165388584136965},"rotation":{"x":-0.005407181568443775,"y":0.9741777777671814,"z":-0.22482454776763917,"w":-0.024618802592158319},"size":2.692582368850708,"orthographic":false}