{"cameraMode":{"drawMode":0,"name":"Shaded","section":"Shading Mode"},"sceneLighting":false,"audioPlay":false,"sceneViewState":{"m_AlwaysRefresh":false,"showFog":true,"showSkybox":false,"showFlares":true,"showImageEffects":false,"showParticleSystems":true,"showVisualEffectGraphs":true,"m_FxEnabled":true},"in2DMode":false,"pivot":{"x":1.0005671977996827,"y":0.07738751918077469,"z":-3.8124544620513918},"rotation":{"x":-0.005696254316717386,"y":0.9794711470603943,"z":-0.19988851249217988,"w":-0.029153136536478998},"size":2.692582368850708,"orthographic":false}