{"cameraMode":{"drawMode":0,"name":"Shaded","section":"Shading Mode"},"sceneLighting":false,"audioPlay":false,"sceneViewState":{"m_AlwaysRefresh":false,"showFog":true,"showSkybox":false,"showFlares":true,"showImageEffects":false,"showParticleSystems":true,"showVisualEffectGraphs":true,"m_FxEnabled":true},"in2DMode":false,"pivot":{"x":-0.6710752844810486,"y":1.4032609462738038,"z":-5.138173580169678},"rotation":{"x":-0.004351756535470486,"y":0.995050847530365,"z":-0.055613987147808078,"w":-0.08350332826375961},"size":2.598076105117798,"orthographic":false}