{"cameraMode":{"drawMode":0,"name":"Shaded","section":"Shading Mode"},"sceneLighting":false,"audioPlay":false,"sceneViewState":{"m_AlwaysRefresh":false,"showFog":true,"showSkybox":false,"showFlares":true,"showImageEffects":false,"showParticleSystems":true,"showVisualEffectGraphs":true,"m_FxEnabled":true},"in2DMode":false,"pivot":{"x":-0.36982691287994387,"y":2.091188907623291,"z":0.7726327180862427},"rotation":{"x":-0.19095167517662049,"y":-0.04509756714105606,"z":0.008530321530997754,"w":-0.9806248545646668},"size":0.8660253882408142,"orthographic":false}