{"cameraMode":{"drawMode":0,"name":"Shaded","section":"Shading Mode"},"sceneLighting":true,"audioPlay":false,"sceneViewState":{"m_AlwaysRefresh":false,"showFog":true,"showSkybox":true,"showFlares":true,"showImageEffects":false,"showParticleSystems":true,"showVisualEffectGraphs":true,"m_FxEnabled":true},"in2DMode":false,"pivot":{"x":18.524738311767579,"y":15.893255233764649,"z":145.13238525390626},"rotation":{"x":-0.20571595430374146,"y":-0.013093105517327786,"z":0.0017591214273124934,"w":-0.9787673950195313},"size":112.47479248046875,"orthographic":false}